route_id,route_short_name,category,town,source
9011007000100000,1,Växjö city lines,Växjö,"local knowledge (Marcus), 2026-09-23"
9011007000200000,2,Växjö city lines,Växjö,"local knowledge (Marcus), 2026-09-23"
9011007000300000,3,Växjö city lines,Växjö,"local knowledge (Marcus), 2026-09-23"
9011007000400000,4,Växjö city lines,Växjö,"local knowledge (Marcus), 2026-09-23"
9011007000500000,5,Växjö city lines,Växjö,"local knowledge (Marcus), 2026-09-23"
9011007000600000,6,Växjö city lines,Växjö,"local knowledge (Marcus), 2026-09-23"
9011007000700000,7,Växjö city lines,Växjö,"local knowledge (Marcus), 2026-09-23"
9011007000800000,8,Växjö city lines,Växjö,"local knowledge (Marcus), 2026-09-23"
9011007000900000,9,Växjö city lines,Växjö,"local knowledge (Marcus), 2026-09-23"
9011007001200000,12,Växjö city lines,Växjö,"local knowledge (Marcus), 2026-09-23"
9011007003500000,12,Växjö city lines,Växjö,"local knowledge (Marcus), 2026-09-23"
9011007001400000,14,Växjö city lines,Växjö,"local knowledge (Marcus), 2026-09-23"
9011007003700000,14,Växjö city lines,Växjö,"local knowledge (Marcus), 2026-09-23"
9011007001500000,15,Växjö city lines,Växjö,"local knowledge (Marcus), 2026-09-23"
9011007003200000,1,Other town lines,Älmhult,"local knowledge (Marcus), 2026-09-23"
9011007003300000,2,Other town lines,Älmhult,"local knowledge (Marcus), 2026-09-23"
9011007003400000,3,Other town lines,Älmhult,"local knowledge (Marcus), 2026-09-23"
9011007003000000,31,Other town lines,Älmhult,"local knowledge (Marcus), 2026-09-23"
9011007003100000,31,Other town lines,Älmhult,"local knowledge (Marcus), 2026-09-23"
9011007004100000,1,Other town lines,Alvesta,"local knowledge (Marcus), 2026-09-23"
9011007005100000,51,Other town lines,Tingsryd,"local knowledge (Marcus), 2026-09-23"
9011007005200000,52,Other town lines,Tingsryd,"local knowledge (Marcus), 2026-09-23"
9011007006800000,68,Other town lines,Ljungby,"local knowledge (Marcus), 2026-09-23"
9011007006900000,69,Other town lines,Ljungby,"local knowledge (Marcus), 2026-09-23"
9011007010600000,106,Regional lines,,"number convention 100–699 and 800–899, checked against route structure 2026-09-23"
9011007011100000,111,Regional lines,,"number convention 100–699 and 800–899, checked against route structure 2026-09-23"
9011007011300000,113,Regional lines,,"number convention 100–699 and 800–899, checked against route structure 2026-09-23"
9011007011400000,114,Regional lines,,"number convention 100–699 and 800–899, checked against route structure 2026-09-23"
9011007012300000,123,Regional lines,,"number convention 100–699 and 800–899, checked against route structure 2026-09-23"
9011007012900000,129,Regional lines,,"number convention 100–699 and 800–899, checked against route structure 2026-09-23"
9011007013000000,130,Regional lines,,"number convention 100–699 and 800–899, checked against route structure 2026-09-23"
9011007013900000,139,Regional lines,,"number convention 100–699 and 800–899, checked against route structure 2026-09-23"
9011007014000000,140,Regional lines,,"number convention 100–699 and 800–899, checked against route structure 2026-09-23"
9011007014100000,141,Regional lines,,"number convention 100–699 and 800–899, checked against route structure 2026-09-23"
9011007014200000,142,Regional lines,,"number convention 100–699 and 800–899, checked against route structure 2026-09-23"
9011007014300000,143,Regional lines,,"number convention 100–699 and 800–899, checked against route structure 2026-09-23"
9011007014400000,144,Regional lines,,"number convention 100–699 and 800–899, checked against route structure 2026-09-23"
9011007014500000,145,Regional lines,,"number convention 100–699 and 800–899, checked against route structure 2026-09-23"
9011007014600000,146,Regional lines,,"number convention 100–699 and 800–899, checked against route structure 2026-09-23"
9011007014700000,147,Regional lines,,"number convention 100–699 and 800–899, checked against route structure 2026-09-23"
9011007014800000,148,Regional lines,,"number convention 100–699 and 800–899, checked against route structure 2026-09-23"
9011007014900000,149,Regional lines,,"number convention 100–699 and 800–899, checked against route structure 2026-09-23"
9011007015000000,150,Regional lines,,"number convention 100–699 and 800–899, checked against route structure 2026-09-23"
9011007015300000,153,Regional lines,,"number convention 100–699 and 800–899, checked against route structure 2026-09-23"
9011007015400000,154,Regional lines,,"number convention 100–699 and 800–899, checked against route structure 2026-09-23"
9011007015700000,157,Regional lines,,"number convention 100–699 and 800–899, checked against route structure 2026-09-23"
9011007017500000,175,Regional lines,,"number convention 100–699 and 800–899, checked against route structure 2026-09-23"
9011007021500000,215,Regional lines,,"number convention 100–699 and 800–899, checked against route structure 2026-09-23"
9011007021600000,216,Regional lines,,"number convention 100–699 and 800–899, checked against route structure 2026-09-23"
9011007021700000,217,Regional lines,,"number convention 100–699 and 800–899, checked against route structure 2026-09-23"
9011007021800000,218,Regional lines,,"number convention 100–699 and 800–899, checked against route structure 2026-09-23"
9011007021900000,219,Regional lines,,"number convention 100–699 and 800–899, checked against route structure 2026-09-23"
9011007022000000,220,Regional lines,,"number convention 100–699 and 800–899, checked against route structure 2026-09-23"
9011007024000000,240,Regional lines,,"number convention 100–699 and 800–899, checked against route structure 2026-09-23"
9011007024100000,241,Regional lines,,"number convention 100–699 and 800–899, checked against route structure 2026-09-23"
9011007024200000,242,Regional lines,,"number convention 100–699 and 800–899, checked against route structure 2026-09-23"
9011007027000000,270,Regional lines,,"number convention 100–699 and 800–899, checked against route structure 2026-09-23"
9011007027300000,273,Regional lines,,"number convention 100–699 and 800–899, checked against route structure 2026-09-23"
9011007027500000,275,Regional lines,,"number convention 100–699 and 800–899, checked against route structure 2026-09-23"
9011007031000000,310,Regional lines,,"number convention 100–699 and 800–899, checked against route structure 2026-09-23"
9011007031100000,311,Regional lines,,"number convention 100–699 and 800–899, checked against route structure 2026-09-23"
9011007031500000,315,Regional lines,,"number convention 100–699 and 800–899, checked against route structure 2026-09-23"
9011007032000000,320,Regional lines,,"number convention 100–699 and 800–899, checked against route structure 2026-09-23"
9011007032500000,325,Regional lines,,"number convention 100–699 and 800–899, checked against route structure 2026-09-23"
9011007033100000,331,Regional lines,,"number convention 100–699 and 800–899, checked against route structure 2026-09-23"
9011007033200000,332,Regional lines,,"number convention 100–699 and 800–899, checked against route structure 2026-09-23"
9011007033500000,335,Regional lines,,"number convention 100–699 and 800–899, checked against route structure 2026-09-23"
9011007034000000,340,Regional lines,,"number convention 100–699 and 800–899, checked against route structure 2026-09-23"
9011007034500000,345,Regional lines,,"number convention 100–699 and 800–899, checked against route structure 2026-09-23"
9011007035000000,350,Regional lines,,"number convention 100–699 and 800–899, checked against route structure 2026-09-23"
9011007035500000,355,Regional lines,,"number convention 100–699 and 800–899, checked against route structure 2026-09-23"
9011007035800000,358,Regional lines,,"number convention 100–699 and 800–899, checked against route structure 2026-09-23"
9011007036100000,361,Regional lines,,"number convention 100–699 and 800–899, checked against route structure 2026-09-23"
9011007036300000,363,Regional lines,,"number convention 100–699 and 800–899, checked against route structure 2026-09-23"
9011007052100000,521,Regional lines,,"number convention 100–699 and 800–899, checked against route structure 2026-09-23"
9011007053200000,532,Regional lines,,"number convention 100–699 and 800–899, checked against route structure 2026-09-23"
9011007056200000,562,Regional lines,,"number convention 100–699 and 800–899, checked against route structure 2026-09-23"
9011007068200000,682,Regional lines,,"number convention 100–699 and 800–899, checked against route structure 2026-09-23"
9011007084000000,840,Regional lines,,"number convention 100–699 and 800–899, checked against route structure 2026-09-23"
9011007084500000,845,Regional lines,,"number convention 100–699 and 800–899, checked against route structure 2026-09-23"
9011007085000000,850,Regional lines,,"number convention 100–699 and 800–899, checked against route structure 2026-09-23"
9011007087300000,873,Regional lines,,"number convention 100–699 and 800–899, checked against route structure 2026-09-23"
9011007070100000,701,School routes,,"number convention 700–799, checked against route structure 2026-09-23"
9011007070300000,703,School routes,,"number convention 700–799, checked against route structure 2026-09-23"
9011007070600000,706,School routes,,"number convention 700–799, checked against route structure 2026-09-23"
9011007070900000,709,School routes,,"number convention 700–799, checked against route structure 2026-09-23"
9011007071000000,710,School routes,,"number convention 700–799, checked against route structure 2026-09-23"
9011007072000000,720,School routes,,"number convention 700–799, checked against route structure 2026-09-23"
9011007072100000,721,School routes,,"number convention 700–799, checked against route structure 2026-09-23"
9011007072400000,724,School routes,,"number convention 700–799, checked against route structure 2026-09-23"
9011007073000000,730,School routes,,"number convention 700–799, checked against route structure 2026-09-23"
9011007073200000,732,School routes,,"number convention 700–799, checked against route structure 2026-09-23"
9011007073400000,734,School routes,,"number convention 700–799, checked against route structure 2026-09-23"
9011007073500000,735,School routes,,"number convention 700–799, checked against route structure 2026-09-23"
9011007073600000,736,School routes,,"number convention 700–799, checked against route structure 2026-09-23"
9011007073700000,737,School routes,,"number convention 700–799, checked against route structure 2026-09-23"
9011007073800000,738,School routes,,"number convention 700–799, checked against route structure 2026-09-23"
9011007073900000,739,School routes,,"number convention 700–799, checked against route structure 2026-09-23"
9011007074000000,740,School routes,,"number convention 700–799, checked against route structure 2026-09-23"
9011007074100000,741,School routes,,"number convention 700–799, checked against route structure 2026-09-23"
9011007074200000,742,School routes,,"number convention 700–799, checked against route structure 2026-09-23"
9011007074300000,743,School routes,,"number convention 700–799, checked against route structure 2026-09-23"
9011007074400000,744,School routes,,"number convention 700–799, checked against route structure 2026-09-23"
9011007074500000,745,School routes,,"number convention 700–799, checked against route structure 2026-09-23"
9011007074600000,746,School routes,,"number convention 700–799, checked against route structure 2026-09-23"
9011007074700000,747,School routes,,"number convention 700–799, checked against route structure 2026-09-23"
9011007074800000,748,School routes,,"number convention 700–799, checked against route structure 2026-09-23"
9011007074900000,749,School routes,,"number convention 700–799, checked against route structure 2026-09-23"
9011007075000000,750,School routes,,"number convention 700–799, checked against route structure 2026-09-23"
9011007075100000,751,School routes,,"number convention 700–799, checked against route structure 2026-09-23"
9011007075200000,752,School routes,,"number convention 700–799, checked against route structure 2026-09-23"
9011007075300000,753,School routes,,"number convention 700–799, checked against route structure 2026-09-23"
9011007075400000,754,School routes,,"number convention 700–799, checked against route structure 2026-09-23"
9011007075600000,756,School routes,,"number convention 700–799, checked against route structure 2026-09-23"
9011007075700000,757,School routes,,"number convention 700–799, checked against route structure 2026-09-23"
9011007075800000,758,School routes,,"number convention 700–799, checked against route structure 2026-09-23"
9011007075900000,759,School routes,,"number convention 700–799, checked against route structure 2026-09-23"
9011007076000000,760,School routes,,"number convention 700–799, checked against route structure 2026-09-23"
9011007076100000,761,School routes,,"number convention 700–799, checked against route structure 2026-09-23"
9011007076200000,762,School routes,,"number convention 700–799, checked against route structure 2026-09-23"
9011007076300000,763,School routes,,"number convention 700–799, checked against route structure 2026-09-23"
9011007076600000,766,School routes,,"number convention 700–799, checked against route structure 2026-09-23"
9011007076900000,769,School routes,,"number convention 700–799, checked against route structure 2026-09-23"
9011007077000000,770,School routes,,"number convention 700–799, checked against route structure 2026-09-23"
9011007077400000,774,School routes,,"number convention 700–799, checked against route structure 2026-09-23"
9011007077500000,775,School routes,,"number convention 700–799, checked against route structure 2026-09-23"
9011007077600000,776,School routes,,"number convention 700–799, checked against route structure 2026-09-23"
9011007077900000,779,School routes,,"number convention 700–799, checked against route structure 2026-09-23"
9011007078000000,780,School routes,,"number convention 700–799, checked against route structure 2026-09-23"
9011007079000000,790,School routes,,"number convention 700–799, checked against route structure 2026-09-23"
9011007079200000,792,School routes,,"number convention 700–799, checked against route structure 2026-09-23"
9011007079500000,795,School routes,,"number convention 700–799, checked against route structure 2026-09-23"
9011007079600000,796,School routes,,"number convention 700–799, checked against route structure 2026-09-23"
9011007079700000,797,School routes,,"number convention 700–799, checked against route structure 2026-09-23"
9011007079900000,799,School routes,,"number convention 700–799, checked against route structure 2026-09-23"
